brand,product,category,oliveyoung_link,aliexpress_link,rank,store_rating,review_count,ali_check,found_date
Dr. Althea,345 Relief Cream 50ml,moisturizer,https://global.oliveyoung.com/product/detail?prdtNo=GA260136559,,Olive Young Global · #1 Skincare,4.9,1241,not checked (no Ali key yet),2026-09-26
SKIN1004,Madagascar Centella Hyalu-Cica Water-Fit Sun Serum 50mL,sunscreen,https://global.oliveyoung.com/product/detail?prdtNo=GA230518746,,Olive Young Global · #1 Suncare,4.9,10555,not checked (no Ali key yet),2026-09-26
MEDIHEAL,Essential Mask Sheet 10ea,sheet_mask,https://global.oliveyoung.com/product/detail?prdtNo=GA240824996,,Olive Young Global · #1 Face Masks,4.9,7574,not checked (no Ali key yet),2026-09-26
ROUND LAB,Birch Juice Moisturizing Sunscreen 50ml,sunscreen,https://global.oliveyoung.com/product/detail?prdtNo=GA250430113,,Olive Young Global · #2 Suncare,4.9,1543,not checked (no Ali key yet),2026-09-26
Abib,Mild Acidic pH Sheet Mask 10 sheet,sheet_mask,https://global.oliveyoung.com/product/detail?prdtNo=GA210001052,,Olive Young Global · #2 Face Masks,4.9,254,not checked (no Ali key yet),2026-09-26
S.NATURE,Aqua Squalane Moisturizing Cream 60ml,moisturizer,https://global.oliveyoung.com/product/detail?prdtNo=GA231121124,,Olive Young Global · #3 Skincare,4.8,1534,not checked (no Ali key yet),2026-09-26
MEDIHEAL,Toner 100 Pads,toner_pad,https://global.oliveyoung.com/product/detail?prdtNo=GA260741880,,Olive Young Global · #3 Face Masks,4.9,267,not checked (no Ali key yet),2026-09-26
celimax,The Vita A Retinal Shot Tightening Booster 15ml,serum,https://global.oliveyoung.com/product/detail?prdtNo=GA260339051,,Olive Young Global · #4 Skincare,4.7,977,not checked (no Ali key yet),2026-09-26
d'Alba,Waterfull Tone-Up Sun Cream,sunscreen,https://global.oliveyoung.com/product/detail?prdtNo=GA260439813,,Olive Young Global · #4 Suncare,4.9,66,not checked (no Ali key yet),2026-09-26
MEDIHEAL,Toner Pads 100P,toner_pad,https://global.oliveyoung.com/product/detail?prdtNo=GA220815951,,Olive Young Global · #4 Face Masks,4.7,1796,not checked (no Ali key yet),2026-09-26
Anua,PDRN Hyaluronic Capsule 100 Serum 30ml,serum,https://global.oliveyoung.com/product/detail?prdtNo=GA260439734,,Olive Young Global · #2 Skincare,4.8,314,not checked (no Ali key yet),2026-09-27
Purito Seoul,Daily Soft Touch Sunscreen 60ml Double Pack,sunscreen,https://global.oliveyoung.com/product/detail?prdtNo=GA260540328,,Olive Young Global · #2 Suncare,5.0,221,not checked (no Ali key yet),2026-09-27
Torriden,Dive In Low Molecular Hyaluronic Acid Mask 10ea,sheet_mask,https://global.oliveyoung.com/product/detail?prdtNo=GA260540185,,Olive Young Global · #2 Face Masks,4.9,130,not checked (no Ali key yet),2026-09-27
Beauty of Joseon,Relief Sun Aqua Fresh Rice+B5 50ml,sunscreen,https://global.oliveyoung.com/product/detail?prdtNo=GA241227407,,Olive Young Global · #4 Suncare,4.9,1499,not checked (no Ali key yet),2026-09-27
numbuzin,No.1&ndash;5 Sheet Mask 10 Sheets,sheet_mask,https://global.oliveyoung.com/product/detail?prdtNo=GA250228953,,Olive Young Global · #4 Face Masks,4.8,1586,not checked (no Ali key yet),2026-09-27
Torriden,Dive In Low Molecular Hyaluronic Acid Serum 50ml Double/Refill,serum,https://global.oliveyoung.com/product/detail?prdtNo=GA260539969,,Olive Young Global · #5 Skincare,4.8,571,not checked (no Ali key yet),2026-09-27
MEDIHEAL,Essential Mask Sheet 20ea,sheet_mask,https://global.oliveyoung.com/product/detail?prdtNo=GA250128210,,Olive Young Global · #5 Face Masks,4.9,1875,not checked (no Ali key yet),2026-09-27
REJURAN,Derma Healer Pore Tightening Toner Pad 60P Limited Double Pack,toner_pad,https://global.oliveyoung.com/product/detail?prdtNo=GA251034268,,Olive Young Global · #6 Face Masks,4.8,429,not checked (no Ali key yet),2026-09-27
Centellian24,Madeca Cream Time Reverse 50ml,moisturizer,https://global.oliveyoung.com/product/detail?prdtNo=GA260641417,,Olive Young Global · #7 Skincare,5.0,39,not checked (no Ali key yet),2026-09-27
Beauty of Joseon,Relief Sun Rice+Probiotics 50ml,sunscreen,https://global.oliveyoung.com/product/detail?prdtNo=GA260338435,,Olive Young Global · #7 Suncare,4.9,328,not checked (no Ali key yet),2026-09-27
